question,context,answer
When did Propher Mohammed make hijra to Medina from Makkah?,"[1838.47 ‚Äì 1840.63]  By the famous incident in that year.
[1841.51 ‚Äì 1850.33]  The year of the elephant, let's say, right? The year of the drought, the year of this That's how they remembered years. Every year would have a particular title to it. So
[1850.72 ‚Äì 1853.29]  the year of the Hijra became
[1853.68 ‚Äì 1855.04]  Hijra, basically,
[1855.21 ‚Äì 1858.16]  right? The year of the Hijra became our
[1858.94 ‚Äì 1861.18]  year. The month of the Hijra,
[1861.34 ‚Äì 1869.10]  yes, it is Rabbi al Awl most likely. The week of Rabbi al Awl most likely. The month of the Hijra is Rabbi al Awl, and
[1869.42 ‚Äì 1870.54]  this corresponds
[1870.54 ‚Äì 1871.82]  to September
[1872.11 ‚Äì 1875.22]  of the year June.
[1875.22 ‚Äì 1876.66]  So 06/22
[1876.66 ‚Äì 1878.83]  is when one Hijra begins.
[1880.98 ‚Äì 1884.03]  And already we already went over the story of the process of entering
[1884.53 ‚Äì 1885.33]  Medina.
[1885.33 ‚Äì 1892.29]  He entered Medina. Medina at that time was composed of, like most villages in places the world today,
[1892.61 ‚Äì 1897.17]  there is not one center of gathering. There are small pockets of people

---

[  71.31 ‚Äì   73.47]  who did the Hijra publicly
[  73.62 ‚Äì   75.14]  except for Umar.
[  75.47 ‚Äì   83.06]  I don't know of anybody who did the Hijra publicly except for Umar. Everybody was sneaking away, everybody was doing it in the middle of the night.
[  83.47 ‚Äì   86.91]  Except for Umar ibn Al Khattab, he was the only Muslim
[  87.02 ‚Äì   90.70]  to do the Hijra and make it public. He packed his bags,
[  90.94 ‚Äì  104.06]  he armed himself and wore his, shield and his, arrows and everything, and he went to the Ka'aba and did tawaf seven times, and he's dressed as a traveler, he's prepared as a traveler, and then he makes a public announcement.
[ 104.23 ‚Äì  105.83]  O people of Makkah,
[ 106.70 ‚Äì  111.11]  whoever amongst you wishes that his mother lose him tonight,
[ 112.06 ‚Äì  114.15]  or that his children become orphans,
[ 114.79 ‚Äì  117.03]  or that his wife becomes a widow.
[ 117.59 ‚Äì  123.27]  Then, know that I'm performing the hijrah and you can meet me outside of Makkah in such and such a valley.

---

[1735.24 ‚Äì 1760.77]  And those who are the least concerned about hijrah and where to live because they're totally involved in sins, they're really the ones they shouldn't be living in environments where they pollute their iman, right? It's actually the opposite way around. Those who are the most worried should actually remain because they're the best ambassadors of the religion and those who are involved in every major sin and they couldn't care less, they need a pure environment, they should be thinking about a pure environment for themselves and their children.
[1761.17 ‚Äì 1762.85]  In any case, getting back to the
[1763.97 ‚Äì 1766.93]  the the seerah here and the and the
[1766.93 ‚Äì 1770.21]  issue of the hijrah, we already mentioned that the prophet arrived
[1770.93 ‚Äì 1773.10]  in Medina, now we don't have an exact date.
[1773.90 ‚Äì 1776.30]  The date of the twelfth of by
[1776.30 ‚Äì 1782.54]  the way, do understand as an academic, I have to point out, everybody loves to quote twelfth of the for
[1782.86 ‚Äì 1783.50]  everything.","The Prophet Muhammad (peace be upon him) made the Hijra to Medina from Makkah in the month of Rabƒ´ ø al-Awwal, which corresponds to September of the year 622 CE. The specific date is not definitively established, but it is often associated with the twelfth of Rabƒ´ ø al-Awwal. 

Allah And His Messenger know best (I couldn't find the answer in Shaykh Yasir Qadhi's videos).

**Sources:**
- [Watch here](https://www.youtube.com/watch?v=9i2QG3lkMSE&t=1838)
- [Watch here](https://www.youtube.com/watch?v=-LC1DOhnRjA&t=71)
- [Watch here](https://www.youtube.com/watch?v=9i2QG3lkMSE&t=1735)"
"### Task:
Suggest 3-5 relevant follow-up questions or prompts that the user might naturally ask next in this conversation as a **user**, based on the chat history, to help continue or deepen the discussion.
### Guidelines:
- Write all follow-up questions from the user‚Äôs point of view, directed to the assistant.
- Make questions concise, clear, and directly related to the discussed topic(s).
- Only suggest follow-ups that make sense given the chat content and do not repeat what was already covered.
- If the conversation is very short or not specific, suggest more general (but relevant) follow-ups the user might ask.
- Use the conversation's primary language; default to English if multilingual.
- Response must be a JSON array of strings, no extra text or formatting.
### Output:
JSON format: { ""follow_ups"": [""Question 1?"", ""Question 2?"", ""Question 3?""] }
### Chat History:
<chat_history>
USER: When did Propher Mohammed make hijra to Medina from Makkah?
ASSISTANT: The Prophet Muhammad (peace be upon him) made the Hijra to Medina from Makkah in the month of Rabƒ´ ø al-Awwal, which corresponds to September of the year 622 CE. The specific date is not definitively established, but it is often associated with the twelfth of Rabƒ´ ø al-Awwal. 

Allah And His Messenger know best (I couldn't find the answer in Shaykh Yasir Qadhi's videos).

**Sources:**
- [Watch here](https://www.youtube.com/watch?v=9i2QG3lkMSE&t=1838)
- [Watch here](https://www.youtube.com/watch?v=-LC1DOhnRjA&t=71)
- [Watch here](https://www.youtube.com/watch?v=9i2QG3lkMSE&t=1735)
</chat_history>","[3635.17 ‚Äì 3646.69]  And therefore, from this story, we learned that the prophet and the sahaba, they returned back to Makkah probably two and a half years because some realize they say two, some say three. Probably around
[3647.28 ‚Äì 3651.84]  the tenth year of the Dawah when the Prophet was around 49
[3651.84 ‚Äì 3654.72]  years old, they finally returned to Makkah.
[3654.80 ‚Äì 3659.44]  But unfortunately, as we'll discover soon, inshaAllah, as we continue, Allah tested
[3659.60 ‚Äì 3660.24]  them with
[3660.95 ‚Äì 3667.68]  some of the most traumatic and troubling tests and trials at this time, the death of Abu Talib, the death of Khadija,
[3667.68 ‚Äì 3674.32]  and then the incident of Taif, one low after the other. This was the lowest period of the seerah of the prophet
[3674.43 ‚Äì 3679.07]  and this will all be a precursor to the emigration to
[3679.23 ‚Äì 3687.91]  Medina and that is something we will continue talking about later on. If there are any questions now, we can take them and then break for Al Aisha.
[3695.82 ‚Äì 3698.55]  The
[3701.42 ‚Äì 3704.54]  issue of Mi'raj, we will talk about inshaAllah as well later on.

---

[1782.86 ‚Äì 1783.50]  everything.
[1783.82 ‚Äì 1797.45]  For the birthday of the prophet for the time the Quran came down or the Wahi, which cannot be true because the Quran came down in Ramadan anyway. Right? But there are still some opinions that said, 12 is when came down, which is absolutely cannot be true because
[1797.86 ‚Äì 1801.21]  came down in the month of Ramadan. Right? And
[1802.25 ‚Äì 1805.45]  the 12 is when the prophet entered Madinah,
[1805.53 ‚Äì 1807.85]  and this is a little bit of a superstition.
[1807.93 ‚Äì 1813.40]  We don't know the exact date because nobody was recording calendars. Remember,
[1813.57 ‚Äì 1817.64]  there was not even an Islamic calendar when all of this is happening. Remember,
[1817.81 ‚Äì 1820.53]  Umat Ibn Khattab instituted a calendar,
[1820.68 ‚Äì 1822.77]  you know, probably ten years after
[1823.40 ‚Äì 1829.83]  the Hijjah More than ten years, sorry. Fourteen, fifteen years after the Hijjah of the Prophet So this is now being back tracked.
[1830.23 ‚Äì 1838.15]  We are reading in the dates in terms of years. The years are not there. The months by the way are there. Remember how did they monitor time?

---

[1027.45 ‚Äì 1028.01]  Well,
[1028.58 ‚Äì 1030.89]  1,444
[1030.89 ‚Äì 1031.45]  ago,
[1031.93 ‚Äì 1032.73]  what happened?
[1033.69 ‚Äì 1034.65]  The Hijra.
[1034.73 ‚Äì 1036.49]  We just celebrated
[1036.77 ‚Äì 1041.41]  the of the hijrah a few days ago. Right? You guys are following the news. Right? Following the calendar.
[1041.65 ‚Äì 1049.49]  One thousand four hundred forty four years ago, the hijrah happened. And that hijrah was from Mecca to where? Yathrib.
[1050.27 ‚Äì 1050.90]  Now,
[1051.22 ‚Äì 1054.02]  why did Allah subhanahu wa ta'ala choose Yathrib?
[1054.35 ‚Äì 1055.87]  I mentioned seven points.
[1056.11 ‚Äì 1061.30]  Actually, there's more than this, lecture only allows us seven. Every one of these seven points
[1061.55 ‚Äì 1084.04]  is a reason why Allah subhanahu wa ta'ala chose Yathrib for our prophet, sallallahu alaihi wa sallam. He did not think of Yathrib. He did not desire Yathrib. Yathrib was not on his map. So much so, that when Allah subhanahu wa ta'ala showed him the land of Yathrib, there was no title on the dream, this is Yathrib. There was no subtitle, this is Yathrib. Allah showed him the date palms.","{ ""follow_ups"": [""What were the main challenges the Prophet faced during his time in Makkah?"", ""Can you explain the significance of the events in Taif?"", ""What were the reasons for choosing Medina as the new home for the Muslims?"", ""How did the deaths of Abu Talib and Khadija impact the Prophet's mission?"", ""What lessons can we learn from the trials faced by the Prophet during this period?""] }

**Sources:**
- [Watch here](https://www.youtube.com/watch?v=5yZqcgShrUo&t=3635)
- [Watch here](https://www.youtube.com/watch?v=9i2QG3lkMSE&t=1782)
- [Watch here](https://www.youtube.com/watch?v=4w8GDCpATFQ&t=1027)"
"### Task:
Generate a concise, 3-5 word title with an emoji summarizing the chat history.
### Guidelines:
- The title should clearly represent the main theme or subject of the conversation.
- Use emojis that enhance understanding of the topic, but avoid quotation marks or special formatting.
- Write the title in the chat's primary language; default to English if multilingual.
- Prioritize accuracy over excessive creativity; keep it clear and simple.
- Your entire response must consist solely of the JSON object, without any introductory or concluding text.
- The output must be a single, raw JSON object, without any markdown code fences or other encapsulating text.
- Ensure no conversational text, affirmations, or explanations precede or follow the raw JSON output, as this will cause direct parsing failure.
### Output:
JSON format: { ""title"": ""your concise title here"" }
### Examples:
- { ""title"": ""üìâ Stock Market Trends"" },
- { ""title"": ""üç™ Perfect Chocolate Chip Recipe"" },
- { ""title"": ""Evolution of Music Streaming"" },
- { ""title"": ""Remote Work Productivity Tips"" },
- { ""title"": ""Artificial Intelligence in Healthcare"" },
- { ""title"": ""üéÆ Video Game Development Insights"" }
### Chat History:
<chat_history>
USER: When did Propher Mohammed make hijra to Medina from Makkah?
ASSISTANT: The Prophet Muhammad (peace be upon him) made the Hijra to Medina from Makkah in the month of Rabƒ´ ø al-Awwal, which corresponds to September of the year 622 CE. The specific date is not definitively established, but it is often associated with the twelfth of Rabƒ´ ø al-Awwal. 

Allah And His Messenger know best (I couldn't find the answer in Shaykh Yasir Qadhi's videos).

**Sources:**
- [Watch here](https://www.youtube.com/watch?v=9i2QG3lkMSE&t=1838)
- [Watch here](https://www.youtube.com/watch?v=-LC1DOhnRjA&t=71)
- [Watch here](https://www.youtube.com/watch?v=9i2QG3lkMSE&t=1735)
</chat_history>","[1027.45 ‚Äì 1028.01]  Well,
[1028.58 ‚Äì 1030.89]  1,444
[1030.89 ‚Äì 1031.45]  ago,
[1031.93 ‚Äì 1032.73]  what happened?
[1033.69 ‚Äì 1034.65]  The Hijra.
[1034.73 ‚Äì 1036.49]  We just celebrated
[1036.77 ‚Äì 1041.41]  the of the hijrah a few days ago. Right? You guys are following the news. Right? Following the calendar.
[1041.65 ‚Äì 1049.49]  One thousand four hundred forty four years ago, the hijrah happened. And that hijrah was from Mecca to where? Yathrib.
[1050.27 ‚Äì 1050.90]  Now,
[1051.22 ‚Äì 1054.02]  why did Allah subhanahu wa ta'ala choose Yathrib?
[1054.35 ‚Äì 1055.87]  I mentioned seven points.
[1056.11 ‚Äì 1061.30]  Actually, there's more than this, lecture only allows us seven. Every one of these seven points
[1061.55 ‚Äì 1084.04]  is a reason why Allah subhanahu wa ta'ala chose Yathrib for our prophet, sallallahu alaihi wa sallam. He did not think of Yathrib. He did not desire Yathrib. Yathrib was not on his map. So much so, that when Allah subhanahu wa ta'ala showed him the land of Yathrib, there was no title on the dream, this is Yathrib. There was no subtitle, this is Yathrib. Allah showed him the date palms.

---

[  94.66 ‚Äì   99.14]  because it reminds us of the beauty of this religion, the simplicity of this religion.
[  99.62 ‚Äì  103.14]  And that is the incident or the anecdote or the
[ 104.16 ‚Äì  105.03]  advice
[ 105.28 ‚Äì  107.36]  that our Prophet gave
[ 108.23 ‚Äì  111.92]  when he migrated from Mecca to Medina.
[ 112.31 ‚Äì  113.67]  On this historic,
[ 114.16 ‚Äì  115.36]  on this auspicious
[ 115.36 ‚Äì  115.84]  occasion,
[ 116.80 ‚Äì  119.36]  when the ummah of Islam
[ 119.60 ‚Äì  120.24]  is
[ 120.48 ‚Äì  123.04]  having a change between persecution
[ 123.20 ‚Äì  125.20]  to a state of dominance.
[ 125.28 ‚Äì  128.32]  When later on the Sahaba when they asked themselves,
[ 128.94 ‚Äì  131.11]  when should we begin the Islamic calendar?
[ 131.34 ‚Äì  147.08]  They all agreed the one most momentous incident in the Seerah was the Hijra. We should begin the Islamic calendar from the Hijra because that's when you can divide the Meccan era and the Madani era. That incident, the Hijra, our Prophet migrated
[ 148.04 ‚Äì  149.72]  with his life literally
[ 149.72 ‚Äì  150.68]  on the line,
[ 150.92 ‚Äì  153.32]  being persecuted, almost assassinated,

---

[ 465.00 ‚Äì  477.96]  up and running. So, financial independence. The Prophet stressed it from day one. Such that when other economies collapsed, it didn't affect the economy of Medina. Right? Big lesson for us to learn in the modern world.
[ 479.04 ‚Äì  483.76]  Also spiritual practices, we're gonna talk about this again later on, but just to summarize,
[ 483.85 ‚Äì  510.79]  as soon as the process of immigrated, one by one, the major commandments came down. Within a year, pretty much the entire Sharia of Ibadat had been revealed. Within a year, pretty much all of the of Islam except for Hajj. Hajj could not be revealed because you can't do Hajj, because Hajj is enemy territory. Right? So Hajj is revealed ninth year of the Hijra, Abu Bakr goes and does it, tenth year, the Prophet does it. Hajj was delayed. But the other pillars within,
[ 510.94 ‚Äì  512.62]  so the Prophet emigrated,
[ 512.62 ‚Äì  519.18]  we call this the year of the Hijra, of course, and we said it was most likely early Rabbi Al Awad he arrived in Medina or late Safar.
[ 519.35 ‚Äì  523.99]  The date is obviously exactly unknown, but roughly we said. So Muharram of that year is gone.","{ ""title"": ""üåç The Hijra to Medina"" }

**Sources:**
- [Watch here](https://www.youtube.com/watch?v=4w8GDCpATFQ&t=1027)
- [Watch here](https://www.youtube.com/watch?v=GytbNkKX2iM&t=94)
- [Watch here](https://www.youtube.com/watch?v=-aDCoUAhn4I&t=465)"
"### Task:
Generate 1-3 broad tags categorizing the main themes of the chat history, along with 1-3 more specific subtopic tags.

### Guidelines:
- Start with high-level domains (e.g. Science, Technology, Philosophy, Arts, Politics, Business, Health, Sports, Entertainment, Education)
- Consider including relevant subfields/subdomains if they are strongly represented throughout the conversation
- If content is too short (less than 3 messages) or too diverse, use only [""General""]
- Use the chat's primary language; default to English if multilingual
- Prioritize accuracy over specificity

### Output:
JSON format: { ""tags"": [""tag1"", ""tag2"", ""tag3""] }

### Chat History:
<chat_history>
USER: When did Propher Mohammed make hijra to Medina from Makkah?
ASSISTANT: The Prophet Muhammad (peace be upon him) made the Hijra to Medina from Makkah in the month of Rabƒ´ ø al-Awwal, which corresponds to September of the year 622 CE. The specific date is not definitively established, but it is often associated with the twelfth of Rabƒ´ ø al-Awwal. 

Allah And His Messenger know best (I couldn't find the answer in Shaykh Yasir Qadhi's videos).

**Sources:**
- [Watch here](https://www.youtube.com/watch?v=9i2QG3lkMSE&t=1838)
- [Watch here](https://www.youtube.com/watch?v=-LC1DOhnRjA&t=71)
- [Watch here](https://www.youtube.com/watch?v=9i2QG3lkMSE&t=1735)
</chat_history>","[1027.45 ‚Äì 1028.01]  Well,
[1028.58 ‚Äì 1030.89]  1,444
[1030.89 ‚Äì 1031.45]  ago,
[1031.93 ‚Äì 1032.73]  what happened?
[1033.69 ‚Äì 1034.65]  The Hijra.
[1034.73 ‚Äì 1036.49]  We just celebrated
[1036.77 ‚Äì 1041.41]  the of the hijrah a few days ago. Right? You guys are following the news. Right? Following the calendar.
[1041.65 ‚Äì 1049.49]  One thousand four hundred forty four years ago, the hijrah happened. And that hijrah was from Mecca to where? Yathrib.
[1050.27 ‚Äì 1050.90]  Now,
[1051.22 ‚Äì 1054.02]  why did Allah subhanahu wa ta'ala choose Yathrib?
[1054.35 ‚Äì 1055.87]  I mentioned seven points.
[1056.11 ‚Äì 1061.30]  Actually, there's more than this, lecture only allows us seven. Every one of these seven points
[1061.55 ‚Äì 1084.04]  is a reason why Allah subhanahu wa ta'ala chose Yathrib for our prophet, sallallahu alaihi wa sallam. He did not think of Yathrib. He did not desire Yathrib. Yathrib was not on his map. So much so, that when Allah subhanahu wa ta'ala showed him the land of Yathrib, there was no title on the dream, this is Yathrib. There was no subtitle, this is Yathrib. Allah showed him the date palms.

---

[1782.86 ‚Äì 1783.50]  everything.
[1783.82 ‚Äì 1797.45]  For the birthday of the prophet for the time the Quran came down or the Wahi, which cannot be true because the Quran came down in Ramadan anyway. Right? But there are still some opinions that said, 12 is when came down, which is absolutely cannot be true because
[1797.86 ‚Äì 1801.21]  came down in the month of Ramadan. Right? And
[1802.25 ‚Äì 1805.45]  the 12 is when the prophet entered Madinah,
[1805.53 ‚Äì 1807.85]  and this is a little bit of a superstition.
[1807.93 ‚Äì 1813.40]  We don't know the exact date because nobody was recording calendars. Remember,
[1813.57 ‚Äì 1817.64]  there was not even an Islamic calendar when all of this is happening. Remember,
[1817.81 ‚Äì 1820.53]  Umat Ibn Khattab instituted a calendar,
[1820.68 ‚Äì 1822.77]  you know, probably ten years after
[1823.40 ‚Äì 1829.83]  the Hijjah More than ten years, sorry. Fourteen, fifteen years after the Hijjah of the Prophet So this is now being back tracked.
[1830.23 ‚Äì 1838.15]  We are reading in the dates in terms of years. The years are not there. The months by the way are there. Remember how did they monitor time?

---

[ 465.00 ‚Äì  477.96]  up and running. So, financial independence. The Prophet stressed it from day one. Such that when other economies collapsed, it didn't affect the economy of Medina. Right? Big lesson for us to learn in the modern world.
[ 479.04 ‚Äì  483.76]  Also spiritual practices, we're gonna talk about this again later on, but just to summarize,
[ 483.85 ‚Äì  510.79]  as soon as the process of immigrated, one by one, the major commandments came down. Within a year, pretty much the entire Sharia of Ibadat had been revealed. Within a year, pretty much all of the of Islam except for Hajj. Hajj could not be revealed because you can't do Hajj, because Hajj is enemy territory. Right? So Hajj is revealed ninth year of the Hijra, Abu Bakr goes and does it, tenth year, the Prophet does it. Hajj was delayed. But the other pillars within,
[ 510.94 ‚Äì  512.62]  so the Prophet emigrated,
[ 512.62 ‚Äì  519.18]  we call this the year of the Hijra, of course, and we said it was most likely early Rabbi Al Awad he arrived in Medina or late Safar.
[ 519.35 ‚Äì  523.99]  The date is obviously exactly unknown, but roughly we said. So Muharram of that year is gone.","```json
{
  ""tags"": [""Religion"", ""Islamic History"", ""Prophet Muhammad""]
}
```

**Sources:**
- [Watch here](https://www.youtube.com/watch?v=4w8GDCpATFQ&t=1027)
- [Watch here](https://www.youtube.com/watch?v=9i2QG3lkMSE&t=1782)
- [Watch here](https://www.youtube.com/watch?v=-aDCoUAhn4I&t=465)"
